noise_mag,rx_I,rx_Q
0,-1943,-1943
0,-1943,-648
0,-1943,648
0,-1943,1943
0,-648,-1943
0,-648,-648
0,-648,648
0,-648,1943
0,648,-1943
0,648,-648
0,648,648
0,648,1943
0,1943,-1943
0,1943,-648
0,1943,648
0,1943,1943
0,-1943,-1943
0,-1943,-648
0,-1943,648
0,-1943,1943
0,-648,-1943
0,-648,-648
0,-648,648
0,-648,1943
0,648,-1943
0,648,-648
0,648,648
0,648,1943
0,1943,-1943
0,1943,-648
0,1943,648
0,1943,1943
0,-1943,-1943
0,-1943,-648
0,-1943,648
0,-1943,1943
0,-648,-1943
0,-648,-648
0,-648,648
0,-648,1943
0,648,-1943
0,648,-648
0,648,648
0,648,1943
0,1943,-1943
0,1943,-648
0,1943,648
0,1943,1943
0,-1943,-1943
0,-1943,-648
0,-1943,648
0,-1943,1943
0,-648,-1943
0,-648,-648
0,-648,648
0,-648,1943
0,648,-1943
0,648,-648
0,648,648
0,648,1943
0,1943,-1943
0,1943,-648
0,1943,648
0,1943,1943
0,-1943,-1943
0,-1943,-648
0,-1943,648
0,-1943,1943
0,-648,-1943
0,-648,-648
0,-648,648
0,-648,1943
0,648,-1943
0,648,-648
0,648,648
0,648,1943
0,1943,-1943
0,1943,-648
0,1943,648
0,1943,1943
0,-1943,-1943
0,-1943,-648
0,-1943,648
0,-1943,1943
0,-648,-1943
0,-648,-648
0,-648,648
0,-648,1943
0,648,-1943
0,648,-648
0,648,648
0,648,1943
0,1943,-1943
0,1943,-648
0,1943,648
0,1943,1943
0,-1943,-1943
0,-1943,-648
0,-1943,648
0,-1943,1943
0,-648,-1943
0,-648,-648
0,-648,648
0,-648,1943
0,648,-1943
0,648,-648
0,648,648
0,648,1943
0,1943,-1943
0,1943,-648
0,1943,648
0,1943,1943
0,-1943,-1943
0,-1943,-648
0,-1943,648
0,-1943,1943
0,-648,-1943
0,-648,-648
0,-648,648
0,-648,1943
0,648,-1943
0,648,-648
0,648,648
0,648,1943
0,1943,-1943
0,1943,-648
0,1943,648
0,1943,1943
0,-1943,-1943
0,-1943,-648
0,-1943,648
0,-1943,1943
0,-648,-1943
0,-648,-648
0,-648,648
0,-648,1943
0,648,-1943
0,648,-648
0,648,648
0,648,1943
0,1943,-1943
0,1943,-648
0,1943,648
0,1943,1943
0,-1943,-1943
0,-1943,-648
0,-1943,648
0,-1943,1943
0,-648,-1943
0,-648,-648
0,-648,648
0,-648,1943
0,648,-1943
0,648,-648
0,648,648
0,648,1943
0,1943,-1943
0,1943,-648
0,1943,648
0,1943,1943
0,-1943,-1943
0,-1943,-648
0,-1943,648
0,-1943,1943
0,-648,-1943
0,-648,-648
0,-648,648
0,-648,1943
0,648,-1943
0,648,-648
0,648,648
0,648,1943
0,1943,-1943
0,1943,-648
0,1943,648
0,1943,1943
0,-1943,-1943
0,-1943,-648
0,-1943,648
0,-1943,1943
0,-648,-1943
0,-648,-648
0,-648,648
0,-648,1943
0,648,-1943
0,648,-648
0,648,648
0,648,1943
0,1943,-1943
0,1943,-648
0,1943,648
0,1943,1943
0,-1943,-1943
0,-1943,-648
0,-1943,648
0,-1943,1943
0,-648,-1943
0,-648,-648
0,-648,648
0,-648,1943
0,648,-1943
0,648,-648
0,648,648
0,648,1943
0,1943,-1943
0,1943,-648
0,1943,648
0,1943,1943
0,-1943,-1943
0,-1943,-648
0,-1943,648
0,-1943,1943
0,-648,-1943
0,-648,-648
0,-648,648
0,-648,1943
0,648,-1943
0,648,-648
0,648,648
0,648,1943
0,1943,-1943
0,1943,-648
0,1943,648
0,1943,1943
0,-1943,-1943
0,-1943,-648
0,-1943,648
0,-1943,1943
0,-648,-1943
0,-648,-648
0,-648,648
0,-648,1943
0,648,-1943
0,648,-648
0,648,648
0,648,1943
0,1943,-1943
0,1943,-648
0,1943,648
0,1943,1943
0,-1943,-1943
0,-1943,-648
0,-1943,648
0,-1943,1943
0,-648,-1943
0,-648,-648
0,-648,648
0,-648,1943
0,648,-1943
0,648,-648
0,648,648
0,648,1943
0,1943,-1943
0,1943,-648
0,1943,648
0,1943,1943
0,-1943,-1943
0,-1943,-648
0,-1943,648
0,-1943,1943
0,-648,-1943
0,-648,-648
0,-648,648
0,-648,1943
0,648,-1943
0,648,-648
0,648,648
0,648,1943
0,1943,-1943
0,1943,-648
0,1943,648
0,1943,1943
0,-1943,-1943
0,-1943,-648
0,-1943,648
0,-1943,1943
0,-648,-1943
0,-648,-648
0,-648,648
0,-648,1943
0,648,-1943
0,648,-648
0,648,648
0,648,1943
0,1943,-1943
0,1943,-648
0,1943,648
0,1943,1943
0,-1943,-1943
0,-1943,-648
0,-1943,648
0,-1943,1943
0,-648,-1943
0,-648,-648
0,-648,648
0,-648,1943
0,648,-1943
0,648,-648
0,648,648
0,648,1943
0,1943,-1943
0,1943,-648
0,1943,648
0,1943,1943
0,-1943,-1943
0,-1943,-648
0,-1943,648
0,-1943,1943
0,-648,-1943
0,-648,-648
0,-648,648
0,-648,1943
0,648,-1943
0,648,-648
0,648,648
0,648,1943
0,1943,-1943
0,1943,-648
0,1943,648
0,1943,1943
0,-1943,-1943
0,-1943,-648
0,-1943,648
0,-1943,1943
0,-648,-1943
0,-648,-648
0,-648,648
0,-648,1943
0,648,-1943
0,648,-648
0,648,648
0,648,1943
0,1943,-1943
0,1943,-648
0,1943,648
0,1943,1943
0,-1943,-1943
0,-1943,-648
0,-1943,648
0,-1943,1943
0,-648,-1943
0,-648,-648
0,-648,648
0,-648,1943
0,648,-1943
0,648,-648
0,648,648
0,648,1943
0,1943,-1943
0,1943,-648
0,1943,648
0,1943,1943
0,-1943,-1943
0,-1943,-648
0,-1943,648
0,-1943,1943
0,-648,-1943
0,-648,-648
0,-648,648
0,-648,1943
0,648,-1943
0,648,-648
0,648,648
0,648,1943
0,1943,-1943
0,1943,-648
0,1943,648
0,1943,1943
0,-1943,-1943
0,-1943,-648
0,-1943,648
0,-1943,1943
0,-648,-1943
0,-648,-648
0,-648,648
0,-648,1943
0,648,-1943
0,648,-648
0,648,648
0,648,1943
0,1943,-1943
0,1943,-648
0,1943,648
0,1943,1943
0,-1943,-1943
0,-1943,-648
0,-1943,648
0,-1943,1943
0,-648,-1943
0,-648,-648
0,-648,648
0,-648,1943
0,648,-1943
0,648,-648
0,648,648
0,648,1943
0,1943,-1943
0,1943,-648
0,1943,648
0,1943,1943
0,-1943,-1943
0,-1943,-648
0,-1943,648
0,-1943,1943
0,-648,-1943
0,-648,-648
0,-648,648
0,-648,1943
0,648,-1943
0,648,-648
0,648,648
0,648,1943
0,1943,-1943
0,1943,-648
0,1943,648
0,1943,1943
0,-1943,-1943
0,-1943,-648
0,-1943,648
0,-1943,1943
0,-648,-1943
0,-648,-648
0,-648,648
0,-648,1943
0,648,-1943
0,648,-648
0,648,648
0,648,1943
0,1943,-1943
0,1943,-648
0,1943,648
0,1943,1943
0,-1943,-1943
0,-1943,-648
0,-1943,648
0,-1943,1943
0,-648,-1943
0,-648,-648
0,-648,648
0,-648,1943
0,648,-1943
0,648,-648
0,648,648
0,648,1943
0,1943,-1943
0,1943,-648
0,1943,648
0,1943,1943
0,-1943,-1943
0,-1943,-648
0,-1943,648
0,-1943,1943
0,-648,-1943
0,-648,-648
0,-648,648
0,-648,1943
0,648,-1943
0,648,-648
0,648,648
0,648,1943
0,1943,-1943
0,1943,-648
0,1943,648
0,1943,1943
0,-1943,-1943
0,-1943,-648
0,-1943,648
0,-1943,1943
0,-648,-1943
0,-648,-648
0,-648,648
0,-648,1943
0,648,-1943
0,648,-648
0,648,648
0,648,1943
0,1943,-1943
0,1943,-648
0,1943,648
0,1943,1943
0,-1943,-1943
0,-1943,-648
0,-1943,648
0,-1943,1943
0,-648,-1943
0,-648,-648
0,-648,648
0,-648,1943
0,648,-1943
0,648,-648
0,648,648
0,648,1943
0,1943,-1943
0,1943,-648
0,1943,648
0,1943,1943
0,-1943,-1943
0,-1943,-648
0,-1943,648
0,-1943,1943
0,-648,-1943
0,-648,-648
0,-648,648
0,-648,1943
0,648,-1943
0,648,-648
0,648,648
0,648,1943
0,1943,-1943
0,1943,-648
0,1943,648
0,1943,1943
0,-1943,-1943
0,-1943,-648
0,-1943,648
0,-1943,1943
0,-648,-1943
0,-648,-648
0,-648,648
0,-648,1943
0,648,-1943
0,648,-648
0,648,648
0,648,1943
0,1943,-1943
0,1943,-648
0,1943,648
0,1943,1943
0,-1943,-1943
0,-1943,-648
0,-1943,648
0,-1943,1943
0,-648,-1943
0,-648,-648
0,-648,648
0,-648,1943
0,648,-1943
0,648,-648
0,648,648
0,648,1943
0,1943,-1943
0,1943,-648
0,1943,648
0,1943,1943
0,-1943,-1943
0,-1943,-648
0,-1943,648
0,-1943,1943
0,-648,-1943
0,-648,-648
0,-648,648
0,-648,1943
0,648,-1943
0,648,-648
0,648,648
0,648,1943
0,1943,-1943
0,1943,-648
0,1943,648
0,1943,1943
0,-1943,-1943
0,-1943,-648
0,-1943,648
0,-1943,1943
0,-648,-1943
0,-648,-648
0,-648,648
0,-648,1943
0,648,-1943
0,648,-648
0,648,648
0,648,1943
0,1943,-1943
0,1943,-648
0,1943,648
0,1943,1943
0,-1943,-1943
0,-1943,-648
0,-1943,648
0,-1943,1943
0,-648,-1943
0,-648,-648
0,-648,648
0,-648,1943
0,648,-1943
0,648,-648
0,648,648
0,648,1943
0,1943,-1943
0,1943,-648
0,1943,648
0,1943,1943
0,-1943,-1943
0,-1943,-648
0,-1943,648
0,-1943,1943
0,-648,-1943
0,-648,-648
0,-648,648
0,-648,1943
0,648,-1943
0,648,-648
0,648,648
0,648,1943
0,1943,-1943
0,1943,-648
0,1943,648
0,1943,1943
0,-1943,-1943
0,-1943,-648
0,-1943,648
0,-1943,1943
0,-648,-1943
0,-648,-648
0,-648,648
0,-648,1943
0,648,-1943
0,648,-648
0,648,648
0,648,1943
0,1943,-1943
0,1943,-648
0,1943,648
0,1943,1943
0,-1943,-1943
0,-1943,-648
0,-1943,648
0,-1943,1943
0,-648,-1943
0,-648,-648
0,-648,648
0,-648,1943
0,648,-1943
0,648,-648
0,648,648
0,648,1943
0,1943,-1943
0,1943,-648
0,1943,648
0,1943,1943
0,-1943,-1943
0,-1943,-648
0,-1943,648
0,-1943,1943
0,-648,-1943
0,-648,-648
0,-648,648
0,-648,1943
0,648,-1943
0,648,-648
0,648,648
0,648,1943
0,1943,-1943
0,1943,-648
0,1943,648
0,1943,1943
0,-1943,-1943
0,-1943,-648
0,-1943,648
0,-1943,1943
0,-648,-1943
0,-648,-648
0,-648,648
0,-648,1943
0,648,-1943
0,648,-648
0,648,648
0,648,1943
0,1943,-1943
0,1943,-648
0,1943,648
0,1943,1943
0,-1943,-1943
0,-1943,-648
0,-1943,648
0,-1943,1943
0,-648,-1943
0,-648,-648
0,-648,648
0,-648,1943
0,648,-1943
0,648,-648
0,648,648
0,648,1943
0,1943,-1943
0,1943,-648
0,1943,648
0,1943,1943
0,-1943,-1943
0,-1943,-648
0,-1943,648
0,-1943,1943
0,-648,-1943
0,-648,-648
0,-648,648
0,-648,1943
0,648,-1943
0,648,-648
0,648,648
0,648,1943
0,1943,-1943
0,1943,-648
0,1943,648
0,1943,1943
0,-1943,-1943
0,-1943,-648
0,-1943,648
0,-1943,1943
0,-648,-1943
0,-648,-648
0,-648,648
0,-648,1943
0,648,-1943
0,648,-648
0,648,648
0,648,1943
0,1943,-1943
0,1943,-648
0,1943,648
0,1943,1943
0,-1943,-1943
0,-1943,-648
0,-1943,648
0,-1943,1943
0,-648,-1943
0,-648,-648
0,-648,648
0,-648,1943
0,648,-1943
0,648,-648
0,648,648
0,648,1943
0,1943,-1943
0,1943,-648
0,1943,648
0,1943,1943
0,-1943,-1943
0,-1943,-648
0,-1943,648
0,-1943,1943
0,-648,-1943
0,-648,-648
0,-648,648
0,-648,1943
0,648,-1943
0,648,-648
0,648,648
0,648,1943
0,1943,-1943
0,1943,-648
0,1943,648
0,1943,1943
0,-1943,-1943
0,-1943,-648
0,-1943,648
0,-1943,1943
0,-648,-1943
0,-648,-648
0,-648,648
0,-648,1943
0,648,-1943
0,648,-648
0,648,648
0,648,1943
0,1943,-1943
0,1943,-648
0,1943,648
0,1943,1943
0,-1943,-1943
0,-1943,-648
0,-1943,648
0,-1943,1943
0,-648,-1943
0,-648,-648
0,-648,648
0,-648,1943
0,648,-1943
0,648,-648
0,648,648
0,648,1943
0,1943,-1943
0,1943,-648
0,1943,648
0,1943,1943
0,-1943,-1943
0,-1943,-648
0,-1943,648
0,-1943,1943
0,-648,-1943
0,-648,-648
0,-648,648
0,-648,1943
0,648,-1943
0,648,-648
0,648,648
0,648,1943
0,1943,-1943
0,1943,-648
0,1943,648
0,1943,1943
0,-1943,-1943
0,-1943,-648
0,-1943,648
0,-1943,1943
0,-648,-1943
0,-648,-648
0,-648,648
0,-648,1943
0,648,-1943
0,648,-648
0,648,648
0,648,1943
0,1943,-1943
0,1943,-648
0,1943,648
0,1943,1943
0,-1943,-1943
0,-1943,-648
0,-1943,648
0,-1943,1943
0,-648,-1943
0,-648,-648
0,-648,648
0,-648,1943
0,648,-1943
0,648,-648
0,648,648
0,648,1943
0,1943,-1943
0,1943,-648
0,1943,648
0,1943,1943
0,-1943,-1943
0,-1943,-648
0,-1943,648
0,-1943,1943
0,-648,-1943
0,-648,-648
0,-648,648
0,-648,1943
0,648,-1943
0,648,-648
0,648,648
0,648,1943
0,1943,-1943
0,1943,-648
0,1943,648
0,1943,1943
0,-1943,-1943
0,-1943,-648
0,-1943,648
0,-1943,1943
0,-648,-1943
0,-648,-648
0,-648,648
0,-648,1943
0,648,-1943
0,648,-648
0,648,648
0,648,1943
0,1943,-1943
0,1943,-648
0,1943,648
0,1943,1943
0,-1943,-1943
0,-1943,-648
0,-1943,648
0,-1943,1943
0,-648,-1943
0,-648,-648
0,-648,648
0,-648,1943
0,648,-1943
0,648,-648
0,648,648
0,648,1943
0,1943,-1943
0,1943,-648
0,1943,648
0,1943,1943
0,-1943,-1943
0,-1943,-648
0,-1943,648
0,-1943,1943
0,-648,-1943
0,-648,-648
0,-648,648
0,-648,1943
0,648,-1943
0,648,-648
0,648,648
0,648,1943
0,1943,-1943
0,1943,-648
0,1943,648
0,1943,1943
0,-1943,-1943
0,-1943,-648
0,-1943,648
0,-1943,1943
0,-648,-1943
0,-648,-648
0,-648,648
0,-648,1943
0,648,-1943
0,648,-648
0,648,648
0,648,1943
0,1943,-1943
0,1943,-648
0,1943,648
0,1943,1943
0,-1943,-1943
0,-1943,-648
0,-1943,648
0,-1943,1943
0,-648,-1943
0,-648,-648
0,-648,648
0,-648,1943
0,648,-1943
0,648,-648
0,648,648
0,648,1943
0,1943,-1943
0,1943,-648
0,1943,648
0,1943,1943
0,-1943,-1943
0,-1943,-648
0,-1943,648
0,-1943,1943
0,-648,-1943
0,-648,-648
0,-648,648
0,-648,1943
0,648,-1943
0,648,-648
0,648,648
0,648,1943
0,1943,-1943
0,1943,-648
0,1943,648
0,1943,1943
0,-1943,-1943
0,-1943,-648
0,-1943,648
0,-1943,1943
0,-648,-1943
0,-648,-648
0,-648,648
0,-648,1943
0,648,-1943
0,648,-648
0,648,648
0,648,1943
0,1943,-1943
0,1943,-648
0,1943,648
0,1943,1943
0,-1943,-1943
0,-1943,-648
0,-1943,648
0,-1943,1943
0,-648,-1943
0,-648,-648
0,-648,648
0,-648,1943
0,648,-1943
0,648,-648
0,648,648
0,648,1943
0,1943,-1943
0,1943,-648
0,1943,648
0,1943,1943
0,-1943,-1943
0,-1943,-648
0,-1943,648
0,-1943,1943
0,-648,-1943
0,-648,-648
0,-648,648
0,-648,1943
0,648,-1943
0,648,-648
0,648,648
0,648,1943
0,1943,-1943
0,1943,-648
0,1943,648
0,1943,1943
0,-1943,-1943
0,-1943,-648
0,-1943,648
0,-1943,1943
0,-648,-1943
0,-648,-648
0,-648,648
0,-648,1943
0,648,-1943
0,648,-648
0,648,648
0,648,1943
0,1943,-1943
0,1943,-648
0,1943,648
0,1943,1943
0,-1943,-1943
0,-1943,-648
0,-1943,648
0,-1943,1943
0,-648,-1943
0,-648,-648
0,-648,648
0,-648,1943
0,648,-1943
0,648,-648
0,648,648
0,648,1943
0,1943,-1943
0,1943,-648
0,1943,648
0,1943,1943
16,-1936,-1922
16,-1929,-670
16,-1914,636
16,-1948,1951
16,-625,-1926
16,-633,-677
16,-650,623
16,-683,1893
16,642,-1979
16,668,-623
16,656,666
16,633,1948
16,1977,-1997
16,1948,-659
16,1953,626
16,1931,1899
16,-1935,-1967
16,-1927,-663
16,-1943,618
16,-1974,1915
16,-709,-1998
16,-674,-661
16,-699,623
16,-685,1925
16,606,-1946
16,628,-654
16,673,605
16,698,1921
16,2011,-1954
16,1984,-638
16,1962,669
16,1917,1953
16,-1930,-1923
16,-1949,-640
16,-1954,664
16,-1932,1944
16,-658,-1972
16,-667,-642
16,-653,661
16,-657,1969
16,662,-1922
16,677,-670
16,707,605
16,703,1890
16,1989,-1952
16,1971,-665
16,2000,647
16,1930,1973
16,-1969,-1914
16,-1994,-653
16,-1949,639
16,-1955,1957
16,-671,-1946
16,-629,-686
16,-642,605
16,-668,1922
16,641,-1985
16,634,-667
16,621,611
16,594,1901
16,1900,-1963
16,1921,-656
16,1899,664
16,1919,1944
16,-1958,-1941
16,-1940,-612
16,-1937,625
16,-1931,1930
16,-623,-1936
16,-630,-698
16,-643,644
16,-638,1936
16,636,-1924
16,656,-610
16,665,661
16,650,1937
16,1948,-1987
16,1921,-639
16,1963,731
16,1951,2014
16,-1895,-1864
16,-1910,-584
16,-1941,680
16,-1938,1975
16,-637,-1911
16,-690,-648
16,-668,681
16,-655,1945
16,634,-1939
16,652,-639
16,656,667
16,665,1950
16,1914,-1928
16,1918,-649
16,1894,647
16,1909,1942
16,-1978,-1944
16,-1948,-617
16,-1985,647
16,-1930,1909
16,-621,-1946
16,-626,-653
16,-635,639
16,-654,1925
16,637,-1946
16,626,-686
16,637,636
16,626,1920
16,1900,-1924
16,1890,-609
16,1902,695
16,1925,1974
16,-1947,-1944
16,-1918,-649
16,-1925,678
16,-1937,1939
16,-604,-1951
16,-624,-631
16,-632,683
16,-648,1949
16,649,-1962
16,650,-622
16,621,669
16,627,1954
16,1966,-1920
16,1958,-665
16,1941,647
16,1940,1941
16,-1948,-1978
16,-1985,-653
16,-1994,639
16,-1948,1925
16,-625,-1946
16,-601,-686
16,-585,637
16,-617,1953
16,678,-1922
16,676,-606
16,609,668
16,635,1952
16,1950,-1957
16,1925,-643
16,1907,658
16,1903,1899
16,-1926,-1966
16,-1940,-629
16,-1968,654
16,-1961,1924
16,-683,-1980
16,-685,-657
16,-689,663
16,-698,1942
16,645,-1913
16,643,-588
16,639,641
16,631,1961
16,1942,-1939
16,1941,-639
16,1940,602
16,1906,1915
16,-1984,-1967
16,-1992,-663
16,-1945,651
16,-1947,1981
16,-655,-1898
16,-694,-622
16,-675,669
16,-637,1985
16,638,-1922
16,660,-637
16,672,638
16,697,1923
16,2010,-1982
16,1982,-694
16,1958,588
16,1973,1919
16,-1915,-1958
16,-1918,-709
16,-1924,622
16,-1937,1955
16,-603,-1886
16,-590,-629
16,-628,654
16,-608,1924
16,665,-1916
16,651,-626
16,655,661
16,631,1970
16,1909,-1952
16,1908,-666
16,1874,644
16,1902,1935
16,-1960,-1926
16,-1977,-613
16,-2010,687
16,-1980,1957
16,-658,-1915
16,-668,-655
16,-687,634
16,-694,1947
16,589,-1935
16,627,-663
16,606,651
16,597,1950
16,1938,-1961
16,1934,-619
16,1926,611
16,1909,1933
16,-2011,-1963
16,-1950,-655
16,-1956,634
16,-1969,1915
16,-635,-1935
16,-621,-631
16,-625,650
16,-634,1980
16,676,-1900
16,641,-625
16,634,663
16,653,2005
16,1953,-1915
16,1932,-623
16,1954,634
16,1965,1948
16,-1930,-1933
16,-1949,-596
16,-1955,656
16,-1998,1928
16,-694,-1973
16,-708,-644
16,-703,657
16,-694,1930
16,621,-1936
16,658,-665
16,637,647
16,595,1974
16,1902,-1913
16,1957,-652
16,1939,640
16,1935,1928
16,-1927,-1973
16,-1910,-611
16,-1908,690
16,-1937,1963
16,-667,-1934
16,-686,-598
16,-660,685
16,-703,1986
16,635,-1888
16,622,-633
16,661,680
16,674,1975
16,1932,-1943
16,1953,-680
16,1931,648
16,1920,1944
16,-1956,-1973
16,-1969,-644
16,-1962,656
16,-1981,1960
16,-659,-1940
16,-670,-641
16,-659,663
16,-606,1942
16,668,-1912
16,624,-649
16,632,646
16,617,1907
16,1914,-1951
16,1917,-663
16,1956,683
16,1969,1949
16,-1923,-1962
16,-1902,-654
16,-1892,637
16,-1936,1922
16,-633,-1984
16,-618,-666
16,-620,644
16,-687,1968
16,634,-1925
16,684,-644
16,657,688
16,635,1960
16,1949,-1973
16,1988,-676
16,2002,625
16,1933,1962
16,-1962,-1936
16,-1916,-666
16,-1920,677
16,-1928,1938
16,-650,-1952
16,-684,-634
16,-687,644
16,-661,1936
16,655,-1924
16,663,-673
16,648,663
16,648,1973
16,1911,-1946
16,1911,-622
16,1911,636
16,1912,1920
16,-1972,-1989
16,-1936,-676
16,-1929,657
16,-1915,1930
16,-623,-1936
16,-629,-633
16,-641,646
16,-633,1939
16,647,-1950
16,646,-661
16,644,655
16,672,1990
16,1991,-1912
16,1976,-649
16,1978,679
16,1982,1942
16,-1897,-1912
16,-1915,-618
16,-1950,645
16,-1957,1969
16,-644,-1922
16,-672,-638
16,-664,669
16,-679,1953
16,587,-1954
16,623,-669
16,662,638
16,645,1955
16,1938,-1918
16,1934,-597
16,1926,654
16,1942,1955
16,-1977,-1950
16,-1947,-661
16,-1951,687
16,-1959,1989
16,-647,-1882
16,-645,-622
16,-641,669
16,-634,1986
16,645,-1921
16,642,-667
16,669,643
16,722,1934
16,1995,-1960
16,1983,-681
16,1992,614
16,1977,1939
16,-1939,-1919
16,-1966,-663
16,-1988,651
16,-1969,1950
16,-667,-1961
16,-654,-684
16,-692,641
16,-672,1898
16,601,-2001
16,619,-700
16,623,640
16,630,1960
16,1971,-1940
16,1936,-673
16,1930,662
16,1918,2004
16,-1929,-1916
16,-1914,-625
16,-1949,662
16,-1955,1940
16,-671,-1917
16,-661,-628
16,-674,656
16,-668,1960
16,640,-1909
16,601,-612
16,650,689
16,652,1930
16,1951,-1937
16,1960,-667
16,1978,610
16,1950,1932
16,-1960,-1933
16,-1976,-596
16,-1977,688
16,-1947,1960
16,-655,-1908
16,-662,-641
16,-675,664
16,-669,1943
16,575,-1943
16,598,-712
16,612,617
16,640,1945
16,1960,-1939
16,1978,-608
16,1949,633
16,1955,1914
16,-1918,-1937
16,-1957,-603
16,-1970,642
16,-1965,1931
16,-659,-1998
16,-669,-661
16,-690,623
16,-732,1926
16,609,-1976
16,666,-681
16,652,678
16,657,1939
16,1929,-1950
16,1884,-661
16,1890,654
16,1901,1923
16,-1930,-1918
16,-1948,-662
16,-1952,653
16,-1929,1986
16,-620,-1952
16,-655,-634
16,-662,644
16,-676,1967
16,657,-1990
16,635,-678
16,623,621
16,630,1922
16,1972,-1952
16,1970,-633
16,1934,615
16,1927,1973
16,-1943,-1914
16,-1943,-653
16,-1943,670
16,-1943,1924
16,-615,-1981
16,-613,-659
16,-609,658
16,-601,1932
16,679,-1932
16,646,-626
16,677,661
16,674,1969
16,1995,-1954
16,1952,-669
16,1961,638
16,1948,1956
16,-1901,-1948
16,-1890,-626
16,-1932,661
16,-1952,1969
16,-698,-1890
16,-651,-606
16,-622,668
16,-628,1984
16,689,-1957
16,666,-644
16,653,625
16,659,1929
16,1966,-1939
16,1925,-640
16,1907,633
16,1936,1914
16,-1956,-1969
16,-1936,-668
16,-1928,672
16,-1944,1928
16,-618,-1940
16,-619,-641
16,-621,662
16,-658,1940
16,660,-1948
16,672,-690
16,632,628
16,649,1968
16,1946,-1956
16,1950,-642
16,1926,660
16,1943,1936
16,-1911,-1989
16,-1943,-644
16,-1943,656
16,-1943,1960
16,-647,-1940
16,-646,-674
16,-675,661
16,-701,1970
16,639,-1952
16,631,-633
16,647,647
16,646,1942
16,1940,-1945
16,1938,-620
16,1933,673
16,1987,1961
16,-1918,-1939
16,-1925,-608
16,-1939,665
16,-1934,1977
16,-660,-1875
16,-640,-607
16,-664,699
16,-648,1949
16,680,-1931
16,648,-624
16,649,632
16,651,1943
16,1918,-1942
16,1926,-678
16,1910,590
16,1942,1923
16,-1945,-1983
16,-1947,-696
16,-1919,584
16,-1894,1944
16,-613,-1940
16,-577,-642
16,-570,629
16,-619,1906
16,642,-1952
16,637,-634
16,660,644
16,672,1936
16,1927,-1924
16,1911,-673
16,1943,630
16,1976,1939
16,-1941,-1918
16,-1938,-630
16,-1933,653
16,-1955,1953
16,-671,-1923
16,-630,-639
16,-644,635
16,-671,1918
16,636,-1929
16,624,-620
16,664,672
16,648,1960
16,1943,-1941
16,1943,-644
16,1976,657
16,1978,1961
16,-1936,-1971
16,-1928,-671
16,-1945,602
16,-1914,1915
16,-654,-1934
16,-659,-598
16,-637,684
16,-626,1920
16,628,-1957
16,640,-644
16,665,689
16,651,1993
16,1949,-1906
16,1955,-606
16,1968,700
16,1962,1984
16,-1937,-1893
16,-1931,-676
16,-1919,656
16,-1959,1928
16,-679,-1941
16,-677,-643
16,-641,594
16,-633,1932
16,679,-1965
16,647,-628
16,647,656
16,678,1960
16,1939,-1908
16,1935,-674
16,1992,596
16,2009,1936
16,-1875,-1923
16,-1870,-608
16,-1924,664
16,-1905,1943
16,-635,-1943
16,-622,-647
16,-691,650
16,-669,1884
16,638,-1996
16,629,-658
16,643,628
16,670,1936
16,1988,-1956
16,1937,-642
16,1963,661
16,1920,1938
16,-1956,-1952
16,-1968,-634
16,-1928,645
16,-1945,1969
16,-651,-1954
16,-686,-669
16,-659,606
16,-669,1956
16,638,-1917
16,660,-596
16,609,689
16,571,1929
16,1917,-1971
16,1923,-672
16,1935,632
16,1928,1880
16,-1972,-1972
16,-1936,-641
16,-1928,630
16,-1912,1940
16,-617,-1949
16,-618,-627
16,-619,627
16,-654,1997
16,637,-1930
16,627,-653
16,607,670
16,631,1923
16,1941,-1950
16,1940,-662
16,1970,652
16,1966,1951
16,-1960,-1927
16,-1945,-615
16,-1946,682
16,-1979,1980
16,-656,-1932
16,-632,-625
16,-648,663
16,-712,1941
16,617,-1914
16,650,-622
16,621,637
16,627,1922
16,1965,-1952
16,1955,-698
16,1936,645
16,1930,1970
16,-1937,-1888
16,-1962,-634
16,-1948,676
16,-1921,1967
16,-635,-1894
16,-654,-614
16,-628,684
16,-607,1952
16,667,-1924
16,655,-641
16,662,630
16,644,1939
16,1904,-1886
16,1866,-629
16,1918,686
16,1894,1988
16,-1977,-1917
16,-1947,-660
16,-1918,624
16,-1925,1960
16,-611,-1972
16,-637,-673
16,-594,631
16,-604,1910
16,672,-1944
16,633,-681
16,650,615
16,652,1909
16,1952,-1978
16,1930,-686
16,1981,604
16,1956,1920
16,-1948,-1924
16,-1921,-674
16,-1898,629
16,-1916,1938
16,-625,-1951
16,-634,-664
16,-620,616
16,-623,1911
16,699,-1911
16,686,-616
16,661,681
16,674,1978
16,1932,-1936
16,1921,-633
16,1931,646
16,1952,1971
16,-1956,-1950
16,-1937,-694
16,-1898,653
16,-1917,1985
16,-628,-1954
16,-672,-638
16,-663,701
16,-709,1953
16,590,-1955
16,597,-640
16,610,665
16,669,1946
16,1953,-1904
16,1964,-633
16,2017,646
16,1964,1972
16,-1932,-1948
16,-1921,-658
16,-1962,629
16,-1949,1937
16,-660,-1890
16,-672,-606
16,-696,701
16,-647,1986
16,651,-1921
16,654,-604
16,661,641
16,675,1898
16,1967,-1969
16,1991,-667
16,1975,642
16,1943,1932
16,-1975,-1932
16,-1942,-625
16,-1941,694
16,-1907,1971
16,-608,-1951
16,-631,-663
16,-613,682
16,-610,1948
16,660,-1965
16,641,-628
16,666,656
16,652,1928
16,1952,-1941
16,1929,-612
16,1915,657
16,1951,1961
16,-1959,-1907
16,-1974,-670
16,-1973,636
16,-1939,1951
16,-639,-1959
16,-662,-648
16,-643,649
16,-670,1945
16,637,-1907
16,626,-639
16,605,634
16,659,1979
16,1966,-1935
16,1957,-664
16,1908,681
16,1938,1945
16,-1985,-1971
16,-1931,-639
16,-1919,635
16,-1927,1950
16,-647,-1929
16,-645,-652
16,-641,641
16,-634,1962
16,676,-1936
16,673,-666
16,667,644
16,622,1968
16,1892,-1924
16,1905,-641
16,1931,695
16,1888,1973
16,-1957,-1915
16,-1907,-592
16,-1903,665
16,-1862,1977
16,-582,-1906
16,-643,-669
16,-637,606
16,-658,1923
16,628,-1950
16,640,-661
16,633,655
16,651,1957
16,1918,-1977
16,1926,-684
16,1910,608
16,1909,1895
16,-2010,-1910
16,-1948,-614
16,-1985,684
16,-1963,1983
16,-687,-1959
16,-693,-647
16,-642,650
16,-635,1980
16,674,-1932
16,637,-625
16,658,662
16,668,1939
16,1919,-1951
16,1928,-663
16,1945,650
16,1980,1947
16,-1933,-1966
16,-1923,-661
16,-1934,655
16,-1957,1989
16,-644,-1915
16,-640,-624
16,-632,664
16,-615,1944
16,650,-1940
16,620,-641
16,625,662
16,635,1973
16,1950,-1947
16,1958,-624
16,1942,632
16,1942,1911
16,-1945,-2006
16,-1947,-645
16,-1919,686
16,-1926,1956
16,-614,-1917
16,-643,-628
16,-637,657
16,-625,1898
16,630,-1969
16,644,-603
16,641,642
16,667,1899
16,1949,-1967
16,1956,-663
16,1969,650
16,1931,1916
16,-1934,-1964
16,-1925,-658
16,-1939,693
16,-1934,2002
16,-662,-1888
16,-676,-601
16,-672,615
16,-632,1910
16,649,-1977
16,682,-683
16,652,610
16,657,1964
16,1961,-1900
16,1947,-625
16,1952,695
16,1930,1974
16,-1904,-1913
16,-1928,-619
16,-1976,675
16,-1913,1997
16,-588,-1866
16,-624,-621
16,-632,670
16,-648,1955
16,649,-1950
16,651,-693
16,654,623
16,661,1861
16,1937,-1978
16,1932,-654
16,1921,637
16,1900,1889
16,-1964,-1987
16,-1984,-639
16,-1961,667
16,-1946,1949
16,-653,-1931
16,-657,-655
16,-665,666
16,-617,1947
16,679,-1903
16,679,-663
16,678,650
16,676,1915
16,2000,-1967
16,1962,-663
16,1981,618
16,1988,1915
16,-1949,-1998
16,-1923,-661
16,-1967,622
16,-1958,1923
16,-646,-1950
16,-644,-662
16,-671,653
16,-661,1921
16,654,-1986
16,660,-669
16,641,639
16,634,1926
16,1948,-1977
16,1921,-652
16,1931,673
16,1919,1962
16,-1959,-1904
16,-1974,-633
16,-1940,647
16,-1936,1941
16,-633,-1915
16,-682,-656
16,-684,632
16,-656,1912
16,664,-1941
16,617,-676
16,619,657
16,655,1962
16,1893,-1936
16,1940,-666
16,1937,644
16,1964,1936
16,-1932,-1956
16,-1952,-642
16,-1960,661
16,-1945,1969
16,-652,-1955
16,-624,-639
16,-631,666
16,-646,1948
16,685,-1932
16,691,-657
16,639,630
16,630,1939
16,1940,-1950
16,1937,-662
16,1932,588
16,1890,1887
16,-1984,-1990
16,-1961,-710
16,-1946,620
16,-1949,1919
16,-628,-1958
16,-640,-678
16,-631,621
16,-678,1921
16,622,-1954
16,660,-638
16,640,637
16,632,1922
16,1943,-1984
16,1976,-665
16,2010,646
16,1981,1940
16,-1898,-1981
16,-1917,-691
16,-1955,626
16,-1935,1931
16,-631,-1935
16,-613,-663
16,-609,651
16,-634,1918
16,644,-1960
16,641,-650
16,667,613
16,655,1906
16,1925,-1985
16,1940,-700
16,1938,641
16,1966,1961
16,-1896,-1938
16,-1944,-670
16,-1944,638
16,-1976,1923
16,-618,-2015
16,-651,-696
16,-654,616
16,-628,1944
16,656,-1973
16,698,-643
16,652,690
16,624,1996
16,1959,-1901
16,1943,-627
16,1944,627
16,1947,1934
16,-1935,-1961
16,-1959,-683
16,-1943,610
16,-1943,1931
16,-616,-1902
16,-646,-630
16,-644,653
16,-640,1922
16,632,-1985
16,616,-667
16,617,610
16,651,1932
16,1981,-1933
16,1987,-628
16,1936,657
16,1930,1929
16,-1937,-1970
16,-1899,-669
16,-1951,639
16,-1959,1925
16,-679,-1947
16,-646,-656
16,-644,665
16,-639,1945
16,634,-1939
16,652,-671
16,657,667
16,667,1950
16,1949,-1960
16,1956,-681
16,1938,646
16,1933,1939
16,-1931,-1983
16,-1951,-664
16,-1959,681
16,-1974,1977
16,-646,-1907
16,-611,-639
16,-638,634
16,-659,1916
16,627,-1996
16,574,-689
16,564,630
16,609,1907
16,1930,-1951
16,1950,-631
16,1958,682
16,1942,1948
64,-2048,-1956
64,-2048,-546
64,-2025,724
64,-2048,1840
64,-719,-1892
64,-533,-545
64,-546,727
64,-571,1846
64,803,-2009
64,831,-651
64,631,643
64,742,1933
64,2003,-2048
64,1807,-687
64,1801,827
64,1787,1918
64,-1999,-1864
64,-1798,-618
64,-1909,708
64,-1875,1936
64,-640,-1956
64,-503,-673
64,-613,727
64,-577,1974
64,662,-1880
64,677,-650
64,578,645
64,637,1938
64,1922,-1825
64,1775,-539
64,1863,610
64,1912,1741
64,-2005,-1963
64,-2048,-688
64,-2048,569
64,-2048,1658
64,-741,-2001
64,-576,-636
64,-632,800
64,-488,1993
64,842,-1715
64,780,-576
64,656,665
64,537,1978
64,1978,-1745
64,1886,-507
64,1957,802
64,1844,1996
64,-1756,-1965
64,-1825,-563
64,-1834,692
64,-1852,2031
64,-593,-1895
64,-666,-551
64,-812,715
64,-719,2047
64,635,-1803
64,623,-623
64,726,827
64,677,1918
64,1874,-1865
64,1934,-620
64,2047,704
64,2038,2047
64,-2009,-2048
64,-1946,-708
64,-1949,402
64,-1826,1835
64,-541,-2031
64,-689,-695
64,-730,555
64,-684,1757
64,704,-2048
64,505,-623
64,491,698
64,591,2044
64,1957,-1868
64,1844,-625
64,1746,567
64,1933,1782
64,-1962,-2048
64,-1981,-650
64,-2018,644
64,-1965,1807
64,-563,-1958
64,-605,-678
64,-561,461
64,-474,1825
64,740,-2048
64,578,-734
64,636,604
64,624,2047
64,2024,-1861
64,1977,-739
64,1884,594
64,1825,1836
64,-2048,-2029
64,-2028,-692
64,-2048,561
64,-2023,1770
64,-680,-2048
64,-712,-570
64,-648,678
64,-646,1875
64,652,-1951
64,528,-663
64,664,619
64,681,1885
64,1881,-1931
64,1820,-750
64,1953,572
64,1964,1919
64,-1771,-1991
64,-1855,-615
64,-2023,714
64,-2048,1692
64,-838,-1933
64,-644,-756
64,-768,689
64,-759,1642
64,810,-2048
64,845,-825
64,788,551
64,800,2005
64,1863,-2048
64,2040,-781
64,2047,511
64,2047,1925
64,-1805,-2048
64,-1795,-591
64,-1774,763
64,-1732,2045
64,-609,-1738
64,-698,-621
64,-620,702
64,-591,1924
64,634,-1981
64,492,-724
64,593,624
64,795,1768
64,1981,-1909
64,1891,-706
64,1840,660
64,1993,1967
64,-1970,-2022
64,-1869,-550
64,-2048,588
64,-1902,1824
64,-820,-1925
64,-736,-740
64,-952,721
64,-871,1962
64,458,-2033
64,652,-698
64,530,548
64,540,1871
64,1855,-2048
64,2024,-806
64,2047,589
64,2013,1825
64,-1931,-1922
64,-1918,-734
64,-1893,605
64,-1970,1985
64,-573,-1987
64,-625,-863
64,-602,474
64,-555,1724
64,707,-1996
64,766,-881
64,756,568
64,737,1783
64,2047,-2048
64,1917,-776
64,1763,649
64,1839,2047
64,-1894,-1809
64,-1845,-636
64,-1874,800
64,-1804,2047
64,-498,-1844
64,-603,-706
64,-557,533
64,-593,1842
64,502,-2017
64,613,-538
64,578,612
64,509,1999
64,1922,-1830
64,1902,-550
64,1861,717
64,2035,1698
64,-1887,-2048
64,-1830,-858
64,-1844,613
64,-1872,1874
64,-633,-1825
64,-489,-411
64,-458,866
64,-523,2047
64,771,-1965
64,639,-692
64,630,561
64,613,1642
64,1874,-2032
64,1934,-697
64,1925,551
64,2036,1877
64,-2012,-1946
64,-2048,-654
64,-1962,637
64,-2048,1793
64,-721,-2048
64,-537,-736
64,-681,601
64,-713,1978
64,646,-2001
64,516,-636
64,641,801
64,762,1994
64,1915,-1969
64,2016,-700
64,1962,546
64,2047,1995
64,-1993,-1710
64,-2042,-566
64,-2013,812
64,-1955,2047
64,-670,-1924
64,-692,-610
64,-735,726
64,-822,1971
64,684,-1887
64,593,-407
64,666,746
64,684,1884
64,2017,-2048
64,1963,-627
64,1855,562
64,2047,1900
64,-1782,-1773
64,-1876,-564
64,-2048,688
64,-2048,2024
64,-747,-1908
64,-717,-578
64,-785,789
64,-665,1969
64,614,-1890
64,580,-797
64,641,607
64,379,1862
64,1918,-1976
64,2021,-714
64,1971,517
64,2000,1810
64,-1955,-2048
64,-1967,-666
64,-1862,485
64,-1909,1873
64,-451,-1955
64,-638,-543
64,-628,731
64,-606,1981
64,732,-1995
64,688,-751
64,856,699
64,937,1918
64,2009,-1865
64,2047,-747
64,2047,578
64,2047,1803
64,-1896,-2048
64,-1977,-821
64,-1882,560
64,-2048,1895
64,-785,-2039
64,-665,-584
64,-810,649
64,-715,1819
64,643,-2048
64,638,-760
64,629,553
64,484,1881
64,1743,-1938
64,1799,-510
64,1912,668
64,2047,1857
64,-2048,-2048
64,-2048,-736
64,-2044,728
64,-2017,1848
64,-540,-2003
64,-560,-640
64,-599,536
64,-549,1848
64,590,-2005
64,533,-644
64,546,784
64,573,1960
64,1794,-2036
64,1901,-705
64,1860,791
64,1906,1973
64,-1761,-1883
64,-1963,-655
64,-1982,634
64,-1893,1916
64,-548,-1869
64,-575,-756
64,-757,561
64,-865,1898
64,471,-2033
64,422,-572
64,452,545
64,641,1866
64,1802,-2048
64,1918,-697
64,1895,550
64,1975,1876
64,-2006,-1949
64,-2048,-659
64,-2048,626
64,-2048,1900
64,-630,-1900
64,-612,-689
64,-575,823
64,-757,1910
64,686,-1879
64,853,-648
64,675,776
64,703,2047
64,1926,-1813
64,1782,-516
64,1877,656
64,1940,1832
64,-1821,-2037
64,-1826,-835
64,-1965,659
64,-2048,1837
64,-734,-2027
64,-691,-687
64,-733,571
64,-817,1790
64,568,-2048
64,616,-873
64,584,582
64,777,2047
64,2047,-1823
64,2047,-663
64,2047,491
64,1833,1886
64,-2048,-1801
64,-1870,-747
64,-2048,579
64,-1906,1805
64,-573,-1963
64,-498,-687
64,-603,571
64,-558,1790
64,572,-2048
64,753,-746
64,730,837
64,685,2047
64,2047,-1953
64,2047,-667
64,1985,482
64,2027,1739
64,-2030,-2048
64,-1988,-694
64,-1905,556
64,-1867,1889
64,-624,-1923
64,-599,-736
64,-548,601
64,-704,1977
64,536,-1874
64,808,-765
64,713,543
64,779,1990
64,2047,-1719
64,1957,-584
64,1971,648
64,1999,1943
64,-1957,-1942
64,-1971,-645
64,-2048,654
64,-1927,1955
64,-743,-2046
64,-709,-725
64,-641,495
64,-505,1894
64,807,-2041
64,711,-587
64,774,643
64,772,1935
64,1936,-2048
64,1930,-808
64,2045,585
64,2019,1817
64,-2045,-2048
64,-2019,-639
64,-1839,795
64,-1862,1982
64,-740,-1864
64,-832,-617
64,-760,583
64,-616,1814
64,713,-1944
64,651,-649
64,783,518
64,791,1812
64,1974,-1949
64,2005,-660
64,2047,497
64,2047,1770
64,-1954,-1905
64,-1965,-572
64,-1858,673
64,-1773,1993
64,-436,-1970
64,-607,-701
64,-692,798
64,-608,1988
64,600,-1981
64,553,-723
64,714,627
64,780,1902
64,2047,-1897
64,1962,-684
64,1981,705
64,2020,1930
64,-1916,-2048
64,-1889,-699
64,-1835,675
64,-1854,1870
64,-597,-1832
64,-672,-682
64,-696,708
64,-744,2047
64,456,-1701
64,521,-547
64,523,851
64,783,1966
64,2047,-1896
64,2047,-554
64,2005,580
64,2047,2047
64,-1822,-1828
64,-2048,-544
64,-1968,728
64,-1865,1975
64,-619,-1878
64,-589,-516
64,-401,656
64,-537,1831
64,743,-2039
64,711,-710
64,647,780
64,646,1951
64,1939,-1798
64,1679,-742
64,1928,589
64,1914,2047
64,-2000,-1921
64,-1928,-603
64,-2041,739
64,-2011,1997
64,-783,-1834
64,-788,-557
64,-672,574
64,-568,1924
64,809,-1853
64,714,-724
64,780,626
64,784,1899
64,2047,-2031
64,2047,-696
64,2014,553
64,2047,1882
64,-1914,-1936
64,-1884,-505
64,-1952,679
64,-2048,2047
64,-812,-1817
64,-846,-652
64,-660,640
64,-544,1928
64,729,-1973
64,554,-707
64,589,659
64,659,1965
64,1966,-1898
64,2047,-685
64,2038,575
64,2007,1926
64,-1687,-1848
64,-1815,-586
64,-2048,645
64,-2048,1937
64,-642,-1954
64,-636,-798
64,-624,604
64,-599,1984
64,747,-1989
64,719,-739
64,663,722
64,678,2047
64,2047,-1900
64,2047,-561
64,1932,695
64,1921,2038
64,-1858,-1880
64,-1901,-778
64,-1987,645
64,-1902,1810
64,-692,-2048
64,-608,-796
64,-696,609
64,-743,1865
64,843,-1842
64,783,-444
64,534,800
64,677,2047
64,2001,-1846
64,2047,-709
64,2047,526
64,2025,1699
64,-1906,-1918
64,-1869,-469
64,-1922,878
64,-2028,2047
64,-818,-1917
64,-859,-595
64,-686,754
64,-723,2047
64,626,-1899
64,604,-688
64,561,441
64,603,1913
64,1981,-2002
64,2020,-765
64,1971,414
64,2047,1987
64,-1831,-1854
64,-1846,-470
64,-1877,749
64,-2048,2019
64,-896,-2047
64,-631,-728
64,-612,488
64,-576,2009
64,664,-1683
64,809,-512
64,715,665
64,526,1977
64,1828,-2002
64,1842,-510
64,1869,797
64,1923,1985
64,-1854,-1987
64,-1765,-734
64,-1969,604
64,-1867,1983
64,-624,-1862
64,-727,-485
64,-678,718
64,-708,1955
64,657,-2045
64,667,-724
64,686,624
64,724,2023
64,2047,-1910
64,1866,-581
64,1789,527
64,1764,1830
64,-1916,-2041
64,-1761,-716
64,-1835,641
64,-1855,1929
64,-599,-1971
64,-805,-702
64,-578,540
64,-508,1983
64,672,-1990
64,697,-614
64,619,589
64,463,1953
64,1829,-2048
64,1971,-864
64,2000,601
64,1929,1849
64,-1843,-2001
64,-2048,-636
64,-2048,672
64,-1904,1864
64,-825,-2048
64,-746,-708
64,-588,529
64,-656,1961
64,633,-1906
64,747,-574
64,720,669
64,792,1858
64,1975,-2048
64,1752,-860
64,1945,480
64,1947,1992
64,-2048,-1717
64,-2048,-579
64,-2035,531
64,-1999,1839
64,-759,-2023
64,-740,-680
64,-576,585
64,-632,1691
64,809,-2048
64,715,-888
64,654,425
64,788,1881
64,1839,-2048
64,1992,-510
64,1915,797
64,2015,1986
64,-1799,-1857
64,-2038,-604
64,-2005,609
64,-2048,2047
64,-638,-1842
64,-628,-702
64,-607,797
64,-564,1986
64,688,-2048
64,728,-730
64,552,612
64,585,1872
64,1947,-1829
64,1823,-675
64,1831,723
64,1976,1965
64,-1876,-1898
64,-1808,-558
64,-1928,573
64,-1913,2047
64,-587,-1857
64,-397,-859
64,-401,483
64,-410,1742
64,613,-2048
64,707,-810
64,767,452
64,630,1679
64,1780,-2048
64,1873,-679
64,1932,588
64,1794,1823
64,-1984,-2048
64,-1897,-743
64,-1851,458
64,-2014,1820
64,-662,-2048
64,-803,-626
64,-701,693
64,-754,2034
64,565,-1888
64,739,-537
64,576,615
64,504,2006
64,1783,-1944
64,1880,-778
64,1945,645
64,1820,1809
64,-2048,-1954
64,-2047,-670
64,-1895,604
64,-1974,2047
64,-581,-1860
64,-514,-738
64,-636,468
64,-750,1840
64,572,-2020
64,624,-545
64,601,727
64,682,1974
64,2011,-1880
64,2047,-521
64,1962,774
64,1854,2047
64,-1993,-1822
64,-2043,-533
64,-1887,623
64,-1958,2022
64,-805,-1913
64,-578,-587
64,-635,643
64,-750,1805
64,572,-2048
64,625,-685
64,730,574
64,557,1925
64,1761,-1979
64,1835,-592
64,1856,760
64,1898,2040
64,-1904,-1876
64,-1993,-641
64,-2042,534
64,-1885,1844
64,-532,-1885
64,-542,-787
64,-436,626
64,-608,1899
64,729,-1774
64,810,-694
64,717,812
64,658,2016
64,1836,-1924
64,1986,-737
64,2030,599
64,2047,1845
64,-1848,-2010
64,-1881,-654
64,-1947,637
64,-1951,1793
64,-535,-1987
64,-677,-735
64,-834,730
64,-892,1980
64,545,-1868
64,442,-625
64,365,822
64,467,2036
64,1710,-1883
64,1734,-656
64,1654,761
64,1750,2041
64,-1945,-2003
64,-1819,-767
64,-1950,666
64,-1828,2047
64,-546,-1869
64,-571,-756
64,-622,688
64,-723,2047
64,754,-1910
64,477,-709
64,691,654
64,734,1955
64,1987,-2046
64,1903,-598
64,1864,621
64,1786,1890
64,-2001,-2048
64,-1929,-730
64,-1915,612
64,-2015,1999
64,-664,-1958
64,-679,-421
64,-709,590
64,-514,1955
64,788,-1918
64,672,-725
64,569,750
64,490,2047
64,1756,-1788
64,1698,-594
64,1710,628
64,1734,1905
64,-1976,-2019
64,-1880,-544
64,-2048,729
64,-2048,1977
64,-655,-1746
64,-662,-380
64,-547,928
64,-701,2047
64,670,-1975
64,693,-583
64,611,650
64,574,1820
64,1923,-1932
64,1904,-753
64,1994,695
64,1789,1781
64,-2048,-2010
64,-1916,-781
64,-2016,511
64,-1960,2047
64,-682,-1848
64,-714,-585
64,-780,775
64,-656,2047
64,633,-1946
64,746,-526
64,844,637
64,785,2047
64,2047,-1984
64,1982,-729
64,2022,615
64,1974,1750
64,-2008,-2048
64,-2048,-778
64,-1947,645
64,-1822,1937
64,-790,-1955
64,-803,-672
64,-701,729
64,-754,1978
64,564,-1872
64,609,-633
64,570,550
64,493,1875
64,1889,-1950
64,1963,-790
64,1856,493
64,1770,1890
64,-2048,-2048
64,-2048,-604
64,-1915,609
64,-2048,1865
64,-662,-1970
64,-548,-829
64,-575,543
64,-501,1989
64,687,-1850
64,599,-718
64,679,637
64,582,2047
64,1812,-1986
64,1810,-734
64,1805,605
64,1796,1857
64,-1980,-1986
64,-2016,-604
64,-2048,864
64,-1976,2047
64,-585,-1846
64,-778,-710
64,-652,653
64,-782,1954
64,636,-1920
64,624,-729
64,729,615
64,554,1878
64,1883,-1945
64,1824,-652
64,1961,641
64,1723,1930
64,-1998,-1968
64,-1925,-697
64,-1906,423
64,-1995,1877
64,-752,-2048
64,-856,-783
64,-680,506
64,-711,1916
64,779,-2048
64,656,-626
64,792,821
64,681,2047
64,2009,-1761
64,2047,-539
64,1952,740
64,1961,1871
64,-2034,-2048
64,-1997,-679
64,-1922,586
64,-1772,1819
64,-433,-1934
64,-601,-630
64,-554,684
64,-716,2016
64,513,-1797
64,635,-612
64,494,721
64,469,1834
64,1843,-1903
64,1999,-696
64,2047,552
64,1911,1880
64,-1878,-2048
64,-1939,-899
64,-2048,403
64,-2048,1709
64,-615,-2048
64,-838,-558
64,-771,829
64,-638,2047
64,669,-1858
64,434,-605
64,476,735
64,561,1989
64,1897,-1979
64,1979,-719
64,2015,507
64,1961,1918
64,-1779,-1992
64,-1999,-746
64,-1926,452
64,-1781,1681
64,-580,-1955
64,-510,-672
64,-500,601
64,-608,1978
64,728,-2001
64,810,-635
64,588,675
64,784,1870
64,1960,-1961
64,1977,-555
64,1883,707
64,1952,1933
64,-2048,-1962
64,-1905,-685
64,-1994,831
64,-1789,2047
64,-595,-1849
64,-669,-587
64,-689,642
64,-730,1931
64,613,-1967
64,578,-566
64,508,556
64,625,1631
64,2026,-2048
64,1983,-742
64,2023,461
64,1975,2047
64,-1878,-1795
64,-2048,-608
64,-1811,601
64,-1807,1850
64,-503,-2001
64,-612,-762
64,-704,548
64,-632,1743
64,553,-1958
64,714,-677
64,781,463
64,658,1830
64,1963,-1913
64,1856,-588
64,1897,769
64,1980,1929
64,-1869,-1843
64,-1922,-575
64,-1900,795
64,-1857,1981
64,-603,-1994
64,-686,-622
64,-723,700
64,-798,2047
64,605,-1989
64,563,-739
64,478,723
64,437,1967
64,2033,-1895
64,1996,-680
64,1922,585
64,2030,1946
64,-2024,-2048
64,-1975,-763
64,-2007,546
64,-1943,1996
64,-647,-1837
64,-646,-435
64,-515,691
64,-638,2031
64,669,-2048
64,690,-808
64,733,585
64,819,1818
64,2030,-1936
64,1990,-633
64,1910,679
64,2005,2047
64,-1947,-1819
64,-1822,-655
64,-1828,763
64,-1840,2045
64,-697,-1738
64,-745,-494
64,-713,701
64,-649,1794
64,647,-1984
64,775,-601
64,647,614
64,647,1875
64,1941,-1950
64,1940,-660
64,2047,624
64,1934,1895
64,-1961,-1783
64,-1978,-710
64,-2012,652
64,-1953,1951
64,-667,-1926
64,-429,-613
64,-593,846
64,-665,1955
64,615,-1917
64,582,-596
64,773,624
64,516,1896
64,1935,-1909
64,1927,-707
64,2040,786
64,1754,2047
64,-2048,-1901
64,-2048,-690
64,-1917,692
64,-1891,2031
64,-671,-2022
64,-694,-805
64,-610,592
64,-572,1959
64,800,-1911
64,825,-583
64,746,780
64,588,2047
64,2047,-1799
64,2047,-487
64,2047,586
64,2047,1948
128,-2048,-1598
128,-2048,-470
128,-1767,749
128,-1590,1889
128,-710,-2048
128,-772,-861
128,-639,734
128,-373,1860
128,943,-1852
128,982,-722
128,549,245
128,450,1906
128,2047,-2017
128,2047,-795
128,2047,355
128,1861,1869
128,-2048,-2048
128,-2048,-940
128,-1827,577
128,-1709,2047
128,-436,-1971
128,-479,-447
128,-564,795
128,-736,1982
128,473,-2048
128,555,-490
128,718,453
128,276,1810
128,1713,-2048
128,1995,-665
128,2047,359
128,2047,1878
128,-1778,-2048
128,-1868,-648
128,-2048,648
128,-1897,1944
128,-556,-1940
128,-719,-898
128,-534,405
128,-419,1969
128,852,-2048
128,544,-540
128,440,1121
128,489,2047
128,2047,-2048
128,2047,-700
128,2047,801
128,2047,1993
128,-2048,-2048
128,-2048,-703
128,-1927,539
128,-1909,1981
128,-836,-1866
128,-767,-1006
128,-886,445
128,-611,1795
128,723,-2048
128,799,-728
128,694,234
128,741,1883
128,1873,-1806
128,1803,-374
128,1921,942
128,1899,2019
128,-1775,-2046
128,-1605,-854
128,-1779,492
128,-1870,1888
128,-502,-2048
128,-354,-609
128,-316,471
128,-495,2047
128,698,-1883
128,749,-782
128,594,380
128,797,1919
128,2047,-1990
128,2031,-742
128,1608,717
128,1785,2047
128,-2003,-1920
128,-2048,-601
128,-2048,743
128,-1649,2047
128,-828,-1816
128,-750,-905
128,-596,390
128,-543,1427
128,858,-2048
128,1069,-660
128,467,881
128,542,2047
128,2047,-1779
128,2033,-576
128,1868,793
128,1794,1979
128,-1984,-1871
128,-2048,-759
128,-2048,426
128,-1758,1755
128,-277,-2048
128,-674,-629
128,-699,176
128,-493,1767
128,447,-2038
128,502,-582
128,613,781
128,834,1953
128,1804,-1666
128,2047,-605
128,1902,734
128,1605,1860
128,-2048,-2048
128,-2048,-466
128,-2048,757
128,-2048,2047
128,-694,-2018
128,-739,-797
128,-573,864
128,-753,2047
128,695,-1846
128,742,-710
128,581,781
128,770,1955
128,1932,-1919
128,1921,-855
128,1899,747
128,1856,1886
128,-1859,-1800
128,-2031,-362
128,-2048,965
128,-2036,2047
128,-577,-1441
128,-1017,-411
128,-874,1124
128,-843,2047
128,515,-1574
128,640,-677
128,1144,334
128,872,1827
128,2047,-2048
128,2047,-597
128,2047,751
128,1955,2047
128,-1917,-1786
128,-2048,-333
128,-2048,1022
128,-1989,2047
128,-740,-1982
128,-832,-726
128,-759,494
128,-612,1635
128,720,-2046
128,536,-853
128,681,496
128,715,1639
128,2047,-2048
128,1702,-838
128,1718,524
128,2006,2047
128,-1561,-1412
128,-1690,-352
128,-1949,984
128,-1954,2047
128,-670,-1877
128,-435,-515
128,-477,660
128,-561,1967
128,823,-1894
128,744,-550
128,840,845
128,1033,2047
128,2047,-1920
128,2047,-857
128,1955,742
128,1968,1876
128,-1892,-2048
128,-1841,-402
128,-1994,629
128,-2044,2047
128,-593,-2019
128,-793,-799
128,-426,603
128,-459,1854
128,771,-2048
128,639,-1004
128,888,449
128,872,1802
128,2047,-2048
128,2047,-696
128,2047,553
128,1947,1753
128,-1934,-1810
128,-2048,-380
128,-1647,416
128,-1606,1991
128,-485,-1846
128,-833,-709
128,-1018,783
128,-875,1958
128,452,-2048
128,512,-328
128,377,520
128,618,2047
128,2047,-1684
128,2047,-642
128,1967,662
128,2047,1971
128,-2048,-2048
128,-2048,-789
128,-1803,624
128,-1662,2047
128,-598,-1526
128,-291,-325
128,-701,526
128,-754,1956
128,693,-2048
128,739,-337
128,319,758
128,246,1908
128,1908,-1756
128,1874,-273
128,2047,630
128,1925,1908
128,-1978,-2048
128,-2012,-787
128,-2048,370
128,-1963,1900
128,-430,-1772
128,-468,-306
128,-544,564
128,-694,2033
128,556,-2019
128,465,-800
128,1050,857
128,685,1851
128,2047,-1615
128,2047,-247
128,1729,939
128,1772,1757
128,-2048,-2048
128,-2048,-620
128,-2024,961
128,-2048,2047
128,-714,-1715
128,-780,-703
128,-655,795
128,-405,2047
128,622,-1608
128,597,-745
128,290,455
128,445,1814
128,2047,-1945
128,2047,-395
128,2047,643
128,2028,1933
128,-1516,-1706
128,-1600,-430
128,-2025,1085
128,-2048,2047
128,-974,-1728
128,-531,-730
128,-670,484
128,-947,1872
128,563,-2048
128,478,-674
128,564,852
128,481,2047
128,1865,-1637
128,1787,-548
128,1888,850
128,1578,1835
128,-2048,-2048
128,-1865,-1078
128,-2042,557
128,-2048,2017
128,-1042,-1795
128,-667,-862
128,-685,476
128,-721,2047
128,502,-1862
128,613,-741
128,322,207
128,509,1573
128,1922,-2048
128,1902,-847
128,1861,506
128,1781,2047
128,-2011,-1741
128,-2048,-755
128,-1956,946
128,-1457,2047
128,-443,-1771
128,-494,-1072
128,-595,313
128,-542,1786
128,604,-2048
128,561,-764
128,732,673
128,816,1738
128,2047,-2048
128,2047,-953
128,2013,551
128,1828,2005
128,-2048,-1818
128,-2048,-397
128,-2048,639
128,-1981,1670
128,-724,-1976
128,-544,-457
128,-696,775
128,-999,1942
128,204,-2048
128,272,-649
128,408,902
128,425,1941
128,1241,-1947
128,1309,-400
128,1443,632
128,1456,1913
128,-2048,-2048
128,-1842,-768
128,-1995,665
128,-2047,1979
128,-856,-1871
128,-551,-759
128,-453,427
128,-513,1503
128,663,-2048
128,936,-872
128,1224,714
128,776,2047
128,1944,-1934
128,1690,-629
128,1950,942
128,1958,2047
128,-1913,-1787
128,-1883,-592
128,-2048,505
128,-2048,1657
128,-928,-2002
128,-951,-509
128,-742,927
128,-579,1990
128,530,-1593
128,158,-459
128,436,771
128,481,1934
128,1610,-2048
128,1790,-682
128,1893,837
128,2047,2047
128,-1885,-1951
128,-2048,-407
128,-2048,874
128,-2048,1884
128,-469,-2048
128,-802,-880
128,-699,440
128,-1006,2040
128,700,-1749
128,753,-515
128,347,660
128,814,1967
128,2020,-1894
128,1841,-550
128,1739,589
128,2047,1827
128,-1732,-2048
128,-1775,-855
128,-2048,490
128,-2039,1885
128,-838,-2048
128,-1028,-623
128,-895,442
128,-630,1532
128,429,-2048
128,210,-497
128,540,950
128,689,1779
128,2026,-2015
128,1854,-791
128,2023,619
128,1847,1631
128,-1879,-2048
128,-1814,-614
128,-1684,716
128,-1936,2047
128,-889,-2048
128,-616,-1123
128,-584,722
128,-519,2047
128,651,-1644
128,911,-561
128,663,1079
128,679,2047
128,2047,-1752
128,2047,-521
128,2047,648
128,2047,2047
128,-1705,-1942
128,-1979,-646
128,-1759,653
128,-2048,1953
128,-678,-2048
128,-707,-861
128,-765,478
128,-881,2047
128,694,-1852
128,486,-722
128,580,757
128,257,1906
128,1674,-1505
128,1661,-539
128,2047,866
128,2047,1868
128,-1887,-2048
128,-1830,-947
128,-1717,819
128,-1489,2030
128,-508,-1768
128,-623,-553
128,-853,582
128,-802,1813
128,340,-1947
128,289,-656
128,187,634
128,239,1915
128,1893,-1998
128,1845,-758
128,2003,685
128,1807,2017
128,-1958,-2048
128,-1716,-349
128,-2000,990
128,-2048,2047
128,-618,-2048
128,-843,-725
128,-782,751
128,-915,2047
128,628,-1783
128,352,-584
128,825,777
128,746,1945
128,1884,-1937
128,2047,-636
128,1963,672
128,2047,1992
128,-1859,-2048
128,-1775,-705
128,-1862,790
128,-2036,1971
128,-833,-1886
128,-1017,-534
128,-874,622
128,-842,1891
128,772,-2047
128,641,-343
128,378,747
128,621,1885
128,1890,-1802
128,1838,-876
128,1989,448
128,1781,1799
128,-1755,-2048
128,-2048,-964
128,-1702,528
128,-1972,1959
128,-705,-1653
128,-506,-580
128,-619,785
128,-589,1962
128,512,-1904
128,376,-826
128,616,806
128,586,2003
128,1819,-1822
128,1951,-661
128,1961,1134
128,1979,2047
128,-1870,-1789
128,-2048,-595
128,-2048,755
128,-1868,1901
128,-753,-2027
128,-602,-46
128,-811,1084
128,-718,2047
128,1022,-1732
128,884,-482
128,609,725
128,827,1585
128,1534,-2048
128,1893,-541
128,2047,607
128,2047,1862
128,-1572,-1847
128,-1713,-456
128,-1481,1033
128,-1787,2047
128,-592,-1681
128,-790,-891
128,-932,675
128,-703,1999
128,538,-1831
128,686,-936
128,724,585
128,801,2047
128,1993,-1681
128,1787,-636
128,2047,672
128,2047,1992
128,-1648,-2048
128,-1863,-704
128,-1783,536
128,-2048,1720
128,-774,-1876
128,-899,-514
128,-894,661
128,-628,2047
128,690,-1888
128,732,-794
128,817,613
128,475,2047
128,1854,-1823
128,2023,-408
128,1847,872
128,2047,1881
128,-1558,-2048
128,-1683,-639
128,-1423,667
128,-1415,1982
128,-359,-1864
128,-581,-745
128,-513,455
128,-634,1814
128,676,-2048
128,449,-651
128,762,899
128,621,2047
128,1890,-1447
128,1839,-424
128,1735,584
128,1784,1817
128,-2048,-1683
128,-2048,-383
128,-2048,667
128,-2048,1981
128,-835,-2048
128,-766,-749
128,-883,446
128,-605,2047
128,991,-1724
128,823,-465
128,998,759
128,1093,2047
128,2047,-1751
128,1934,-520
128,1670,648
128,1655,1944
128,-2007,-1940
128,-2048,-642
128,-1685,405
128,-1937,1714
128,-892,-2048
128,-880,-792
128,-1111,872
128,-806,2047
128,333,-2048
128,274,-900
128,670,400
128,436,1961
128,1520,-1651
128,1610,-576
128,1533,537
128,1635,1977
128,-2046,-1875
128,-2048,-511
128,-2048,411
128,-1990,1981
128,-741,-1866
128,-578,-749
128,-763,446
128,-621,1540
128,446,-1980
128,501,-977
128,610,503
128,572,1910
128,2047,-1753
128,2047,-779
128,2047,644
128,1760,1935
128,-2048,-1703
128,-2048,-679
128,-2048,842
128,-2048,2047
128,-602,-1932
128,-1068,-625
128,-718,694
128,-788,1780
128,625,-2011
128,604,-784
128,560,377
128,472,1913
128,2047,-1746
128,2011,-254
128,1824,669
128,1962,1987
128,-1648,-2048
128,-1608,-983
128,-1785,491
128,-1882,2047
128,-526,-1802
128,-404,-622
128,-670,445
128,-436,1794
128,816,-1985
128,730,-731
128,812,738
128,720,2047
128,1832,-1838
128,1978,-692
128,2014,816
128,1574,1768
128,-2048,-2036
128,-2048,-834
128,-2048,278
128,-1953,1715
128,-411,-1886
128,-686,-534
128,-467,620
128,-542,1889
128,605,-1795
128,50,-608
128,-34,473
128,308,2047
128,1776,-1871
128,2047,-504
128,2044,681
128,1890,1753
128,-2048,-1810
128,-1898,-382
128,-1852,925
128,-1761,1987
128,-539,-1855
128,-429,-728
128,-720,745
128,-792,1627
128,617,-2048
128,587,-887
128,783,682
128,918,2012
128,2047,-2048
128,2002,-626
128,1805,438
128,1924,1779
128,-1723,-2015
128,-1503,-279
128,-1830,876
128,-1973,1887
128,-963,-1799
128,-765,-614
128,-881,716
128,-857,2047
128,487,-1670
128,838,-357
128,773,719
128,898,2047
128,1932,-1912
128,1666,-841
128,1646,263
128,2047,1686
128,-1848,-2048
128,-2009,-648
128,-1818,392
128,-1948,1687
128,-914,-1942
128,-923,-389
128,-1198,911
128,-979,2047
128,500,-1658
128,352,-589
128,569,510
128,746,1924
128,1883,-1981
128,1825,-723
128,1707,1010
128,1472,2047
128,-2048,-1772
128,-2034,-560
128,-1868,824
128,-2047,1784
128,-856,-2048
128,-806,-769
128,-708,663
128,-511,1717
128,666,-1882
128,940,-782
128,465,381
128,538,1666
128,1979,-1729
128,2047,-475
128,2047,739
128,1982,2047
128,-2048,-1832
128,-2048,-682
128,-2048,581
128,-2048,1810
128,-1160,-2048
128,-903,-665
128,-646,615
128,-643,1878
128,659,-2048
128,671,-652
128,695,641
128,742,2047
128,2047,-1455
128,2047,-439
128,2047,810
128,2047,2047
128,-2048,-1803
128,-1772,-624
128,-1601,952
128,-1769,1784
128,-556,-1749
128,-719,-771
128,-1046,658
128,-676,1965
128,850,-1899
128,796,-815
128,689,314
128,474,1787
128,1852,-2048
128,2047,-756
128,2047,944
128,1733,2047
128,-2048,-1523
128,-2048,-576
128,-2048,537
128,-1956,1977
128,-417,-2048
128,-440,-766
128,-488,669
128,-328,1986
128,777,-2048
128,651,-731
128,911,994
128,918,1868
128,1972,-2048
128,1746,-947
128,1806,306
128,1669,1772
128,-1978,-1773
128,-2013,-307
128,-1826,819
128,-1964,2030
128,-689,-2024
128,-985,-553
128,-1066,840
128,-716,2047
128,513,-1942
128,891,-645
128,1134,399
128,853,1702
128,1841,-1912
128,1740,-841
128,1795,1031
128,1903,2047
128,-2023,-1943
128,-2048,-391
128,-2004,651
128,-1808,1949
128,-634,-1418
128,-363,-366
128,-590,700
128,-275,1792
128,1139,-1732
128,862,-480
128,564,728
128,481,2047
128,2047,-1877
128,1789,-772
128,1637,657
128,1843,1962
128,-2048,-1905
128,-1829,-827
128,-1715,546
128,-1742,1740
128,-1014,-2048
128,-867,-691
128,-828,563
128,-752,2029
128,696,-2026
128,1001,-814
128,843,573
128,782,2047
128,1955,-1984
128,1713,-730
128,1483,485
128,1536,2047
128,-2048,-1825
128,-2048,-668
128,-2048,608
128,-2043,1864
128,-591,-2048
128,-788,-705
128,-672,535
128,-439,1719
128,811,-2048
128,974,-520
128,1045,138
128,931,1691
128,2047,-2048
128,1797,-630
128,1907,684
128,1872,1759
128,-1828,-2048
128,-2048,-868
128,-2048,720
128,-2045,1832
128,-596,-2048
128,-543,-833
128,-693,534
128,-737,1717
128,727,-1883
128,550,-527
128,453,634
128,772,1916
128,1935,-1996
128,1927,-1010
128,1913,692
128,1883,1776
128,-1807,-2048
128,-1670,-802
128,-1908,597
128,-1872,2047
128,-505,-1889
128,-617,-540
128,-330,609
128,-523,1865
128,898,-2048
128,638,-958
128,628,286
128,608,1731
128,1864,-1855
128,1786,-984
128,1886,489
128,2047,2047
128,-1657,-1809
128,-1882,-636
128,-1565,673
128,-1955,1738
128,-671,-2048
128,-692,-698
128,-736,37
128,-823,1491
128,811,-2048
128,463,-1175
128,534,362
128,421,1628
128,1746,-2048
128,1806,-881
128,2047,694
128,2047,2035
128,-1494,-2014
128,-1813,-277
128,-1938,879
128,-1933,1893
128,-628,-2043
128,-863,-591
128,-565,763
128,-738,1917
128,724,-1995
128,802,-751
128,956,699
128,1009,1534
128,1897,-2048
128,1596,-745
128,1761,198
128,1580,1811
128,-1900,-1949
128,-1855,-916
128,-2023,624
128,-2048,1897
128,-709,-1523
128,-769,-320
128,-889,1049
128,-873,1978
128,455,-1873
128,775,-507
128,902,420
128,901,1743
128,2047,-2048
128,2047,-679
128,2047,586
128,2047,1821
128,-1763,-2048
128,-2048,-623
128,-2048,442
128,-2048,1787
128,-824,-1997
128,-742,-1012
128,-580,177
128,-511,1770
128,923,-2033
128,686,-572
128,469,545
128,292,1994
128,1487,-1584
128,1800,-441
128,1913,808
128,2047,2007
128,-1804,-2048
128,-1920,-645
128,-1896,654
128,-1848,1957
128,-714,-1659
128,-522,-847
128,-652,762
128,-912,2047
128,121,-1485
128,363,-499
128,590,946
128,789,2028
128,1715,-2028
128,2047,-818
128,2047,566
128,1913,1779
128,-2003,-1758
128,-2048,-534
128,-1924,877
128,-2048,1890
128,-824,-2048
128,-743,-860
128,-582,738
128,-515,1867
128,659,-2048
128,671,-694
128,695,812
128,743,1761
128,1877,-1795
128,1813,-608
128,1939,729
128,1680,1849
128,-2048,-1618
128,-2048,-510
128,-1992,412
128,-1785,1728
128,-844,-1860
128,-783,-481
128,-660,470
128,-416,1587
128,857,-2048
128,811,-532
128,718,880
128,534,1896
128,1459,-2048
128,1743,-1090
128,1800,21
128,1914,1714
128,-1744,-2048
128,-1545,-1050
128,-1914,357
128,-1883,1618
128,-784,-2048
128,-408,-664
128,-423,616
128,-708,1623
128,784,-2048
128,921,-900
128,683,657
128,462,2047
128,1828,-1649
128,1969,-315
128,2047,1059
128,2047,2047
128,-1729,-1834
128,-1514,-430
128,-1852,829
128,-2017,2047
128,-796,-2048
128,-686,-985
128,-980,487
128,-799,1877
128,602,-1818
128,557,-397
128,466,640
128,541,1927
128,1985,-1462
128,2027,-454
128,1600,269
128,1514,1954
128,-2032,-1920
128,-2048,-346
128,-2048,741
128,-2048,1873
128,-529,-1825
128,-921,-668
128,-1193,1120
128,-968,2047
128,520,-1843
128,649,-448
128,650,537
128,397,1978
128,1698,-2048
128,1454,-1016
128,1989,168
128,1779,1753
128,-2013,-1811
128,-1827,-383
128,-1711,666
128,-1734,1980
128,-484,-2048
128,-320,-498
128,-503,948
128,-870,2047
128,460,-2021
128,785,-803
128,923,594
128,686,2047
128,2020,-1643
128,2047,-560
128,2047,825
128,2047,2042
255,-1819,-1701
255,-1184,-164
255,-933,597
255,-1963,1843
255,-177,-2048
255,-214,-536
255,-290,363
255,-1460,1885
255,44,-2048
255,-49,-878
255,-234,188
255,415,2044
255,1987,-2048
255,2047,-751
255,1614,444
255,1795,2045
255,-2048,-1738
255,-2020,-236
255,-2048,962
255,-2048,1553
255,-748,-1703
255,-848,-676
255,-1047,593
255,-424,2047
255,1096,-2048
255,1545,-568
255,1423,809
255,1179,2047
255,1986,-1807
255,1521,-374
255,2047,1196
255,2047,2047
255,-2048,-1277
255,-2048,175
255,-2048,1275
255,-2048,2047
255,-534,-1473
255,-420,-726
255,-190,493
255,-751,2047
255,442,-1541
255,238,-864
255,-171,218
255,31,2047
255,1220,-2048
255,1517,-513
255,1603,-101
255,2047,1466
255,-1770,-1876
255,-2048,-1023
255,-2048,920
255,-1573,1468
255,-416,-1873
255,-694,-506
255,-739,422
255,-828,2003
255,1310,-1823
255,952,-916
255,1257,1133
255,848,1894
255,2047,-2039
255,2047,-840
255,2019,1285
255,1586,1689
255,-1635,-2048
255,-1837,-640
255,-1220,664
255,-1515,1976
255,-301,-1366
255,-463,-4
255,-787,1428
255,-416,2047
255,1113,-2048
255,1070,-1033
255,982,898
255,807,1934
255,2047,-2048
255,2047,-1189
255,2047,76
255,2047,2047
255,-1409,-1677
255,-1894,-624
255,-2048,1206
255,-2048,2041
255,-759,-1746
255,-868,-764
255,-578,417
255,-506,1992
255,423,-1845
255,198,-450
255,260,534
255,382,1716
255,1922,-1375
255,1902,-532
255,1862,882
255,2047,1902
255,-1245,-2048
255,-1566,-301
255,-1188,833
255,-1963,1804
255,-686,-1709
255,-213,-690
255,-797,565
255,-434,1779
255,1587,-1250
255,1507,-791
255,1346,363
255,1025,1374
255,2047,-2048
255,2047,-880
255,1905,1205
255,2047,2047
255,-1581,-2048
255,-709,-265
255,-1004,904
255,-1593,1947
255,-458,-1425
255,-778,-120
255,-906,1194
255,-144,2047
255,637,-1795
255,1138,-861
255,609,733
255,570,2047
255,1788,-2048
255,1635,-471
255,1838,492
255,1224,1632
255,-2048,-2048
255,-1756,-357
255,-1568,1231
255,-1702,2047
255,-166,-2048
255,-192,-565
255,-245,815
255,158,2047
255,1241,-1784
255,814,-329
255,472,267
255,-213,2047
255,1241,-1934
255,1560,-629
255,1687,687
255,1943,1001
255,-1943,-2048
255,-2048,-843
255,-2048,-250
255,-2048,1168
255,-1649,-2048
255,-1119,-687
255,-1589,1081
255,-1000,2047
255,965,-1738
255,1283,-748
255,899,449
255,1151,2047
255,2047,-1715
255,1919,-702
255,2047,32
255,2047,1731
255,-1618,-2048
255,-2048,-982
255,-2048,1000
255,-2048,1629
255,-527,-2048
255,-405,-372
255,-671,691
255,-184,2030
255,1068,-2048
255,978,-1316
255,800,-176
255,953,1315
255,2044,-1667
255,1637,-95
255,2047,1245
255,2047,2047
255,-1327,-2048
255,-1731,-965
255,-1518,526
255,-2048,2047
255,-474,-1407
255,212,-85
255,53,1265
255,-266,2047
255,903,-2020
255,650,-801
255,143,853
255,149,2047
255,1455,-2048
255,1478,-23
255,2034,879
255,2047,2047
255,-1574,-1525
255,-1715,-321
255,-1485,794
255,-1536,1725
255,166,-1868
255,-549,-496
255,-960,953
255,-760,2043
255,934,-2048
255,711,-754
255,776,436
255,905,2030
255,1948,-2048
255,2047,-1317
255,1966,332
255,1479,1312
255,-2048,-2048
255,-2048,-621
255,-2048,193
255,-1698,1545
255,-668,-2048
255,-686,-709
255,-723,527
255,-288,1702
255,1370,-1914
255,1072,-589
255,477,256
255,307,1160
255,2047,-1977
255,2047,-206
255,2047,1023
255,2047,1674
255,-1590,-1969
255,-1235,-700
255,-1546,1055
255,-2048,2047
255,-1099,-1842
255,-529,-955
255,-408,545
255,-167,1738
255,1100,-1842
255,1043,-445
255,928,1055
255,1209,1738
255,2047,-2048
255,1641,-1467
255,1850,542
255,2047,2047
255,-2048,-1344
255,-1660,-980
255,-2048,495
255,-2048,2047
255,-926,-2040
255,-1203,-332
255,-736,771
255,-823,2047
255,298,-1448
255,459,-168
255,270,590
255,404,2047
255,1456,-1662
255,1989,-596
255,2036,243
255,1620,1134
255,-2048,-2031
255,-1704,-822
255,-2048,300
255,-2048,1248
255,-772,-2048
255,-895,-366
255,-120,703
255,-1122,1543
255,210,-2048
255,284,-1224
255,-79,518
255,214,1684
255,1587,-2048
255,2047,-1172
255,2047,620
255,1648,1889
255,-2022,-1541
255,-2048,-353
255,-2048,1239
255,-2048,2047
255,-884,-1106
255,-1119,7
255,-1079,429
255,-1000,2016
255,455,-1797
255,773,-865
255,390,216
255,642,1589
255,1932,-2048
255,1921,-1040
255,1391,376
255,1860,1909
255,-2048,-1500
255,-2048,-781
255,-2048,-126
255,-2048,1415
255,-1247,-1977
255,-1334,-716
255,-999,1023
255,-839,1675
255,777,-2048
255,397,-1208
255,657,40
255,666,2047
255,1980,-1824
255,2047,100
255,2047,1125
255,2047,1878
255,-1335,-2048
255,-1745,-905
255,-2048,646
255,-2048,1430
255,-588,-2048
255,-1036,-1168
255,-913,120
255,-1688,1907
255,-411,-2014
255,61,-1298
255,494,-141
255,342,1896
255,1842,-2048
255,2047,-322
255,2047,791
255,2047,1209
255,-2018,-2048
255,-2048,-519
255,-2048,396
255,-2025,1951
255,-300,-1417
255,-462,-105
255,-275,1224
255,-411,2047
255,613,-1674
255,579,-619
255,0,197
255,-137,2047
255,1394,-1706
255,1867,-683
255,2047,579
255,2047,1295
255,-2037,-2048
255,-1110,-686
255,-1806,1082
255,-2048,2047
255,-1115,-1733
255,-1072,-226
255,-986,472
255,-303,1592
255,830,-2048
255,503,-1028
255,359,399
255,1091,1445
255,1810,-2048
255,2047,-1616
255,2047,243
255,1904,2047
255,-2048,-1519
255,-2048,-819
255,-2048,818
255,-1533,1774
255,173,-2048
255,-536,-812
255,-422,831
255,-706,2047
255,1044,-1716
255,930,-193
255,704,1049
255,250,2047
255,1658,-1866
255,2047,-492
255,1825,961
255,1707,2047
255,-2048,-2048
255,-2048,-686
255,-2048,1082
255,-2048,2047
255,-502,-1732
255,-865,-736
255,-1081,473
255,-492,2047
255,961,-1620
255,1274,-1
255,882,924
255,1117,2047
255,2047,-1857
255,1782,-986
255,2047,483
255,1810,1615
255,-2048,-2048
255,-2048,-427
255,-1980,71
255,-2048,1300
255,-794,-2048
255,-429,-667
255,-718,-409
255,-788,1360
255,370,-1579
255,603,-429
255,1069,1086
255,471,2047
255,1080,-1717
255,1749,-704
255,2047,27
255,2047,2047
255,-1453,-1875
255,-1472,-1
255,-2020,924
255,-1585,1475
255,-442,-2048
255,-744,-986
255,-839,483
255,-1029,1613
255,-113,-2048
255,-363,-945
255,-353,564
255,-334,2047
255,1510,-1255
255,2047,-291
255,2047,853
255,2047,1844
255,-1708,-2048
255,-1983,-1041
255,-2022,374
255,-2048,1396
255,-962,-1507
255,-764,-796
255,-369,354
255,-599,1866
255,1256,-2048
255,846,-446
255,25,544
255,-86,1735
255,1496,-2048
255,1560,-966
255,1688,523
255,1944,1185
255,-1430,-2048
255,-1936,-1129
255,-1928,198
255,-1401,1044
255,436,-2048
255,-8,-1182
255,122,91
255,384,1849
255,1692,-1620
255,1207,-510
255,748,925
255,339,1987
255,2047,-1854
255,2047,-468
255,2047,498
255,2047,1644
255,-2048,-1521
255,-2048,-822
255,-2048,301
255,-2048,1249
255,-631,-2048
255,-102,-869
255,-65,717
255,-501,1571
255,943,-2048
255,730,-1111
255,302,743
255,467,2047
255,1583,-1558
255,1733,633
255,2035,1171
255,2047,1970
255,-1573,-1888
255,-2048,-1048
255,-1481,359
255,-1529,2047
255,-838,-1056
255,-1027,-402
255,-895,630
255,-631,1908
255,683,-2012
255,719,-786
255,280,373
255,424,1904
255,2005,-2048
255,2047,-803
255,2047,338
255,2047,815
255,-935,-2048
255,-1456,-1078
255,-1989,300
255,-2034,1247
255,-829,-2048
255,-500,-878
255,-350,188
255,-562,1534
255,821,-2048
255,486,-750
255,835,955
255,513,1538
255,1674,-1731
255,1407,-733
255,1381,478
255,1840,1604
255,-2048,-2048
255,-1841,-470
255,-2048,1004
255,-2041,1636
255,-333,-2045
255,493,-852
255,-406,1261
255,-672,2047
255,91,-2037
255,555,-836
255,463,783
255,790,2047
255,1718,-2048
255,2004,-577
255,1555,281
255,2047,1720
255,-1451,-1879
255,-1468,-518
255,-991,908
255,-1568,1444
255,-408,-1919
255,-167,-600
255,-194,1255
255,-249,2047
255,426,-1553
255,715,-886
255,273,683
255,408,1504
255,1974,-1800
255,2007,-1380
255,1562,205
255,2047,2047
255,-1936,-2048
255,-2048,-611
255,-2048,722
255,-2048,2047
255,-1041,-1643
255,-1434,-557
255,-1708,831
255,-1747,2047
255,-19,-1210
255,-175,310
255,-486,1035
255,-89,1698
255,981,-1412
255,1040,-606
255,1157,734
255,1392,2047
255,-2048,-2048
255,-1593,-974
255,-2048,507
255,-1560,1662
255,-390,-1993
255,-132,-748
255,-125,449
255,-111,2047
255,702,-1714
255,757,-699
255,867,547
255,67,1741
255,1803,-2048
255,1663,-941
255,1384,573
255,1336,2047
255,-2048,-1731
255,-2048,-734
255,-2048,988
255,-2048,2047
255,-1174,-2048
255,-1189,-983
255,-1219,489
255,-769,2047
255,406,-2048
255,165,-380
255,703,1186
255,-260,1490
255,1657,-2048
255,1883,-928
255,1823,599
255,1705,1336
255,-1909,-1626
255,-2048,-524
255,-2048,897
255,-2048,2047
255,-1098,-1453
255,-528,-687
255,-917,571
255,-674,2047
255,86,-1738
255,36,-746
255,955,453
255,753,2047
255,2047,-1698
255,2047,-158
255,1771,1629
255,1599,2047
255,-2048,-1584
255,-1787,-439
255,-1630,1066
255,-1826,2047
255,96,-1288
255,331,153
255,-729,721
255,-1319,2047
255,837,-1647
255,7,-565
255,-124,815
255,125,2047
255,1409,-1781
255,1895,-832
255,1338,281
255,1245,1719
255,-2048,-1879
255,-2048,-10
255,-1910,396
255,-1876,1949
255,-513,-2048
255,-888,-1129
255,-616,707
255,-74,1552
255,777,-1705
255,398,-681
255,659,582
255,161,2047
255,1480,-1692
255,1527,-145
255,1112,1146
255,1812,1919
255,-1694,-1989
255,-1444,-740
255,-1964,465
255,-1985,1579
255,-220,-2048
255,-301,-1082
255,-974,1310
255,-1299,2047
255,367,-1841
255,1107,-952
255,546,551
255,446,1751
255,1539,-1816
255,1647,-903
255,2047,648
255,2047,1435
255,-1753,-2048
255,-2048,-638
255,-2048,1179
255,-1943,1986
255,-1157,-837
255,-645,36
255,-641,997
255,-632,1621
255,1191,-2048
255,1225,-1423
255,1293,628
255,919,1395
255,2047,-2019
255,2047,-799
255,2047,857
255,2047,1852
255,-1922,-2048
255,-1901,-1009
255,-1857,436
255,-1771,2031
255,207,-1257
255,-468,-805
255,-287,-174
255,-434,1830
255,567,-1658
255,996,-587
255,836,770
255,514,2047
255,1677,-1961
255,901,-683
255,1391,1089
255,1860,1807
255,-1599,-1195
255,-1764,339
255,-1583,1094
255,-2048,2047
255,-735,-2048
255,-821,-647
255,-992,1162
255,-315,2047
255,805,-1925
255,1474,-100
255,1281,725
255,894,2047
255,2047,-2048
255,2047,-538
255,1879,360
255,1816,1367
255,-1687,-2048
255,-920,-909
255,-915,636
255,-907,1921
255,-105,-1986
255,439,-223
255,-514,478
255,-379,2047
255,678,-2048
255,1219,-980
255,261,495
255,385,1637
255,1928,-2048
255,1914,172
255,1376,1269
255,1830,2047
255,-2048,-2005
255,-2048,-770
255,-1312,-106
255,-1700,1456
255,-671,-2048
255,-692,-553
255,-735,-182
255,-821,1304
255,303,-2048
255,469,-653
255,800,129
255,444,1926
255,2046,-1975
255,1639,-1221
255,2047,522
255,2047,2047
255,-1308,-2048
255,-1693,-1136
255,-1952,693
255,-2048,2035
255,-172,-1249
255,-205,-278
255,-271,368
255,-403,1894
255,118,-1530
255,1119,-330
255,1081,1284
255,495,1686
255,1129,-1436
255,1846,366
255,1749,1148
255,1557,2047
255,-1695,-1471
255,-1446,-723
255,-1458,499
255,-1992,2047
255,-746,-2048
255,-332,-812
255,-16,321
255,-402,2047
255,1141,-1206
255,1124,-703
255,581,539
255,515,2047
255,1677,-2048
255,1412,-493
255,2047,450
255,1354,2047
255,-2048,-1714
255,-2048,-699
255,-2048,1057
255,-2048,2047
255,-1119,-1323
255,-1079,-427
255,-999,581
255,-838,2047
255,778,-1701
255,909,-1183
255,1172,89
255,676,827
255,1490,-2048
255,2047,-520
255,2047,394
255,1895,1437
255,-2038,-2048
255,-2048,-1650
255,-1810,-336
255,-2048,1507
255,-624,-1794
255,-1619,-859
255,-1059,737
255,-958,2047
255,28,-2048
255,-81,-441
255,721,553
255,795,1753
255,1727,-1812
255,2047,-895
255,2047,665
255,2047,1467
255,-1809,-1874
255,-2048,-509
255,-2048,418
255,-2048,1993
255,-1036,-2048
255,-913,-953
255,-1177,39
255,-1196,1746
255,573,-2048
255,1008,-923
255,860,610
255,563,1357
255,2047,-2048
255,2047,-949
255,1274,1577
255,2047,2047
255,-1558,-1285
255,-2048,-352
255,-2048,1242
255,-1914,2047
255,-588,-1604
255,-18,30
255,-406,474
255,-163,2047
255,599,-2048
255,551,-500
255,-54,435
255,264,1518
255,2047,-2048
255,1942,-816
255,1942,313
255,2047,1784
255,-1942,-2048
255,-1431,-772
255,-1937,911
255,-1420,1960
255,-112,-1397
255,-85,-575
255,-31,284
255,76,2047
255,1588,-1865
255,998,-1001
255,1350,-57
255,1033,1554
255,1693,-1700
255,1954,-160
255,1966,1114
255,1480,1856
255,-1848,-1606
255,-1751,-992
255,-2048,-39
255,-2048,1589
255,-127,-1629
255,-625,-529
255,-1111,887
255,-1064,1911
255,327,-2048
255,8,-772
255,-121,400
255,130,1959
255,1928,-1911
255,1914,-583
255,1377,778
255,2047,2047
255,-1145,-1420
255,-1365,-1131
255,-1807,194
255,-1669,1545
255,-610,-1718
255,-570,-706
255,-491,532
255,-334,1203
255,768,-2048
255,379,-1055
255,110,345
255,83,1847
255,1835,-2048
255,2047,-1030
255,2023,-114
255,2047,2047
255,-1111,-1420
255,-1808,-620
255,-1671,705
255,-1908,1549
255,-577,-2048
255,-505,-1201
255,148,54
255,-585,1266
255,774,-1766
255,391,-802
255,646,340
255,645,2047
255,1937,-1132
255,1933,464
255,1923,1344
255,2047,2047
255,-2020,-1198
255,-2048,-176
255,-2048,1592
255,-1532,2047
255,-846,-1734
255,-532,-1250
255,94,975
255,-692,1579
255,561,-2048
255,-35,-573
255,813,800
255,978,1737
255,2047,-1844
255,2047,-958
255,2042,539
255,2047,1216
255,-2048,-2048
255,-2048,-491
255,-1876,964
255,-1809,2047
255,-379,-2048
255,-618,-1176
255,-1097,613
255,-1036,1874
255,384,-1061
255,630,97
255,613,1629
255,579,2047
255,1807,-2048
255,2047,-953
255,1401,38
255,1881,1744
255,-2048,-2048
255,-1679,-1441
255,-1925,84
255,-2048,1835
255,-573,-1648
255,-1007,-1587
255,-345,300
255,-551,2047
255,843,-1803
255,529,-1386
255,-99,192
255,685,2047
255,2047,-2048
255,1585,-1225
255,1738,4
255,2047,1167
255,-1228,-2048
255,-1532,-1200
255,-1631,55
255,-2048,1269
255,-1435,-2048
255,-692,-1303
255,-735,870
255,-820,1878
255,815,-1563
255,473,-907
255,809,641
255,970,1421
255,2047,-1967
255,2047,-694
255,1977,556
255,2012,1761
255,-1803,-1796
255,-2048,-864
255,-1890,218
255,-2048,1594
255,-434,-1620
255,-729,-2
255,-809,1431
255,-969,2047
255,516,-1867
255,895,-495
255,1143,956
255,1129,1539
255,2047,-2048
255,1831,-729
255,2047,-23
255,2009,1621
255,-1809,-2048
255,-1674,-401
255,-1913,632
255,-2048,2047
255,-1036,-1492
255,-912,-764
255,-666,926
255,-683,1991
255,580,-2048
255,512,-964
255,888,526
255,1129,2047
255,2047,-1918
255,2047,-87
255,2047,1262
255,2047,2047
255,-1314,-1526
255,-2048,-833
255,-1974,279
255,-1494,1717
255,-258,-1375
255,-377,-1041
255,-105,374
255,-581,1396
255,1293,-2048
255,920,-1302
255,682,361
255,717,2047
255,1573,-2048
255,694,-898
255,1486,659
255,2047,1965
255,-2048,-1387
255,-2048,-46
255,-2048,833
255,-1762,1804
255,-285,-1710
255,-431,-690
255,-212,564
255,-285,1776
255,865,-1766
255,63,-803
255,499,850
255,351,1838
255,1859,-2048
255,2047,-556
255,1610,1343
255,1279,2047
255,-2048,-1202
255,-1537,-694
255,-2048,1066
255,-2048,2047
255,-1473,-1797
255,-1786,154
255,-1392,1234
255,-606,2047
255,1242,-1638
255,818,-1058
255,989,-171
255,821,1836
255,1780,-2048
255,1617,-565
255,1802,815
255,2047,1768
